target_velocities,holding_time,rpm
0,1,0
3750,1,0.375
7500,1,0.75
11250,1,1.125
15000,1,1.5
18750,1,1.875
22500,1,2.25
26250,1,2.625
30000,1,3
33750,1,3.375
37500,1,3.75
41250,1,4.125
45000,1,4.5
48750,1,4.875
52500,1,5.25
56250,1,5.625
60000,1,6
63750,1,6.375
67500,1,6.75
71250,1,7.125
75000,1,7.5
78750,1,7.875
82500,1,8.25
86250,1,8.625
90000,1,9
93750,1,9.375
97500,1,9.75
101250,1,10.125
105000,1,10.5
108750,1,10.875
112500,1,11.25
116250,1,11.625
120000,1,12
123750,1,12.375
127500,1,12.75
131250,1,13.125
135000,1,13.5
138750,1,13.875
142500,1,14.25
146250,1,14.625
150000,1,15
153750,1,15.375
157500,1,15.75
161250,1,16.125
165000,1,16.5
168750,1,16.875
172500,1,17.25
176250,1,17.625
180000,1,18
183750,1,18.375
187500,1,18.75
191250,1,19.125
195000,1,19.5
198750,1,19.875
202500,1,20.25
206250,1,20.625
210000,1,21
213750,1,21.375
217500,1,21.75
221250,1,22.125
225000,1,22.5
228750,1,22.875
232500,1,23.25
236250,1,23.625
240000,1,24
243750,1,24.375
247500,1,24.75
251250,1,25.125
255000,1,25.5
258750,1,25.875
262500,1,26.25
266250,1,26.625
270000,1,27
273750,1,27.375
277500,1,27.75
281250,1,28.125
285000,1,28.5
288750,1,28.875
292500,1,29.25
296250,1,29.625
300000,1,30
303750,1,30.375
307500,1,30.75
311250,1,31.125
315000,1,31.5
318750,1,31.875
322500,1,32.25
326250,1,32.625
330000,1,33
333750,1,33.375
337500,1,33.75
341250,1,34.125
345000,1,34.5
348750,1,34.875
352500,1,35.25
356250,1,35.625
360000,1,36
363750,1,36.375
367500,1,36.75
371250,1,37.125
375000,1,37.5
378750,1,37.875
382500,1,38.25
386250,1,38.625
390000,1,39
393750,1,39.375
397500,1,39.75
401250,1,40.125
405000,1,40.5
408750,1,40.875
412500,1,41.25
416250,1,41.625
420000,1,42
423750,1,42.375
427500,1,42.75
431250,1,43.125
435000,1,43.5
438750,1,43.875
442500,1,44.25
446250,1,44.625
450000,1,45
453750,1,45.375
457500,1,45.75
461250,1,46.125
465000,1,46.5
468750,1,46.875
472500,1,47.25
476250,1,47.625
480000,1,48
483750,1,48.375
487500,1,48.75
491250,1,49.125
495000,1,49.5
498750,1,49.875
502500,1,50.25
506250,1,50.625
510000,1,51
513750,1,51.375
517500,1,51.75
521250,1,52.125
525000,1,52.5
528750,1,52.875
532500,1,53.25
536250,1,53.625
540000,1,54
543750,1,54.375
547500,1,54.75
551250,1,55.125
555000,1,55.5
558750,1,55.875
562500,1,56.25
566250,1,56.625
570000,1,57
573750,1,57.375
577500,1,57.75
581250,1,58.125
585000,1,58.5
588750,1,58.875
592500,1,59.25
596250,1,59.625
600000,1,60
603750,1,60.375
607500,1,60.75
611250,1,61.125
615000,1,61.5
618750,1,61.875
622500,1,62.25
626250,1,62.625
630000,1,63
633750,1,63.375
637500,1,63.75
641250,1,64.125
645000,1,64.5
648750,1,64.875
652500,1,65.25
656250,1,65.625
660000,1,66
663750,1,66.375
667500,1,66.75
671250,1,67.125
675000,1,67.5
678750,1,67.875
682500,1,68.25
686250,1,68.625
690000,1,69
693750,1,69.375
697500,1,69.75
701250,1,70.125
705000,1,70.5
708750,1,70.875
712500,1,71.25
716250,1,71.625
720000,1,72
723750,1,72.375
727500,1,72.75
731250,1,73.125
735000,1,73.5
738750,1,73.875
742500,1,74.25
746250,1,74.625
750000,1,75
753750,1,75.375
757500,1,75.75
761250,1,76.125
765000,1,76.5
768750,1,76.875
772500,1,77.25
776250,1,77.625
780000,1,78
783750,1,78.375
787500,1,78.75
791250,1,79.125
795000,1,79.5
798750,1,79.875
802500,1,80.25
806250,1,80.625
810000,1,81
813750,1,81.375
817500,1,81.75
821250,1,82.125
825000,1,82.5
828750,1,82.875
832500,1,83.25
836250,1,83.625
840000,1,84
843750,1,84.375
847500,1,84.75
851250,1,85.125
855000,1,85.5
858750,1,85.875
862500,1,86.25
866250,1,86.625
870000,1,87
873750,1,87.375
877500,1,87.75
881250,1,88.125
885000,1,88.5
888750,1,88.875
892500,1,89.25
896250,1,89.625
900000,1,90
903750,1,90.375
907500,1,90.75
911250,1,91.125
915000,1,91.5
918750,1,91.875
922500,1,92.25
926250,1,92.625
930000,1,93
933750,1,93.375
937500,1,93.75
941250,1,94.125
945000,1,94.5
948750,1,94.875
952500,1,95.25
956250,1,95.625
960000,1,96
963750,1,96.375
967500,1,96.75
971250,1,97.125
975000,1,97.5
978750,1,97.875
982500,1,98.25
986250,1,98.625
990000,1,99
993750,1,99.375
997500,1,99.75
1001250,1,100.125
1005000,1,100.5
1008750,1,100.875
1012500,1,101.25
1016250,1,101.625
1020000,1,102
1023750,1,102.375
1027500,1,102.75
1031250,1,103.125
1035000,1,103.5
1038750,1,103.875
1042500,1,104.25
1046250,1,104.625
1050000,1,105
1053750,1,105.375
1057500,1,105.75
1061250,1,106.125
1065000,1,106.5
1068750,1,106.875
1072500,1,107.25
1076250,1,107.625
1080000,1,108
1083750,1,108.375
1087500,1,108.75
1091250,1,109.125
1095000,1,109.5
1098750,1,109.875
1102500,1,110.25
1106250,1,110.625
1110000,1,111
1113750,1,111.375
1117500,1,111.75
1121250,1,112.125
1125000,1,112.5
1128750,1,112.875
1132500,1,113.25
1136250,1,113.625
1140000,1,114
1143750,1,114.375
1147500,1,114.75
1151250,1,115.125
1155000,1,115.5
1158750,1,115.875
1162500,1,116.25
1166250,1,116.625
1170000,1,117
1173750,1,117.375
1177500,1,117.75
1181250,1,118.125
1185000,1,118.5
1188750,1,118.875
1192500,1,119.25
1196250,1,119.625
1200000,1,120
1203750,1,120.375
1207500,1,120.75
1211250,1,121.125
1215000,1,121.5
1218750,1,121.875
1222500,1,122.25
1226250,1,122.625
1230000,1,123
1233750,1,123.375
1237500,1,123.75
1241250,1,124.125
1245000,1,124.5
1248750,1,124.875
1252500,1,125.25
1256250,1,125.625
1260000,1,126
1263750,1,126.375
1267500,1,126.75
1271250,1,127.125
1275000,1,127.5
1278750,1,127.875
1282500,1,128.25
1286250,1,128.625
1290000,1,129
1293750,1,129.375
1297500,1,129.75
1301250,1,130.125
1305000,1,130.5
1308750,1,130.875
1312500,1,131.25
1316250,1,131.625
1320000,1,132
1323750,1,132.375
1327500,1,132.75
1331250,1,133.125
1335000,1,133.5
1338750,1,133.875
1342500,1,134.25
1346250,1,134.625
1350000,1,135
1353750,1,135.375
1357500,1,135.75
1361250,1,136.125
1365000,1,136.5
1368750,1,136.875
1372500,1,137.25
1376250,1,137.625
1380000,1,138
1383750,1,138.375
1387500,1,138.75
1391250,1,139.125
1395000,1,139.5
1398750,1,139.875
1402500,1,140.25
1406250,1,140.625
1410000,1,141
1413750,1,141.375
1417500,1,141.75
1421250,1,142.125
1425000,1,142.5
1428750,1,142.875
1432500,1,143.25
1436250,1,143.625
1440000,1,144
1443750,1,144.375
1447500,1,144.75
1451250,1,145.125
1455000,1,145.5
1458750,1,145.875
1462500,1,146.25
1466250,1,146.625
1470000,1,147
1473750,1,147.375
1477500,1,147.75
1481250,1,148.125
1485000,1,148.5
1488750,1,148.875
1492500,1,149.25
1496250,1,149.625
1500000,1,150
1503750,1,150.375
1507500,1,150.75
1511250,1,151.125
1515000,1,151.5
1518750,1,151.875
1522500,1,152.25
1526250,1,152.625
1530000,1,153
1533750,1,153.375
1537500,1,153.75
1541250,1,154.125
1545000,1,154.5
1548750,1,154.875
1552500,1,155.25
1556250,1,155.625
1560000,1,156
1563750,1,156.375
1567500,1,156.75
1571250,1,157.125
1575000,1,157.5
1578750,1,157.875
1582500,1,158.25
1586250,1,158.625
1590000,1,159
1593750,1,159.375
1597500,1,159.75
1601250,1,160.125
1605000,1,160.5
1608750,1,160.875
1612500,1,161.25
1616250,1,161.625
1620000,1,162
1623750,1,162.375
1627500,1,162.75
1631250,1,163.125
1635000,1,163.5
1638750,1,163.875
1642500,1,164.25
1646250,1,164.625
1650000,1,165
1653750,1,165.375
1657500,1,165.75
1661250,1,166.125
1665000,1,166.5
1668750,1,166.875
1672500,1,167.25
1676250,1,167.625
1680000,1,168
1683750,1,168.375
1687500,1,168.75
1691250,1,169.125
1695000,1,169.5
1698750,1,169.875
1702500,1,170.25
1706250,1,170.625
1710000,1,171
1713750,1,171.375
1717500,1,171.75
1721250,1,172.125
1725000,1,172.5
1728750,1,172.875
1732500,1,173.25
1736250,1,173.625
1740000,1,174
1743750,1,174.375
1747500,1,174.75
1751250,1,175.125
1755000,1,175.5
1758750,1,175.875
1762500,1,176.25
1766250,1,176.625
1770000,1,177
1773750,1,177.375
1777500,1,177.75
1781250,1,178.125
1785000,1,178.5
1788750,1,178.875
1792500,1,179.25
1796250,1,179.625
1800000,1,180
1803750,1,180.375
1807500,1,180.75
1811250,1,181.125
1815000,1,181.5
1818750,1,181.875
1822500,1,182.25
1826250,1,182.625
1830000,1,183
1833750,1,183.375
1837500,1,183.75
1841250,1,184.125
1845000,1,184.5
1848750,1,184.875
1852500,1,185.25
1856250,1,185.625
1860000,1,186
1863750,1,186.375
1867500,1,186.75
1871250,1,187.125
1875000,1,187.5
1878750,1,187.875
1882500,1,188.25
1886250,1,188.625
1890000,1,189
1893750,1,189.375
1897500,1,189.75
1901250,1,190.125
1905000,1,190.5
1908750,1,190.875
1912500,1,191.25
1916250,1,191.625
1920000,1,192
1923750,1,192.375
1927500,1,192.75
1931250,1,193.125
1935000,1,193.5
1938750,1,193.875
1942500,1,194.25
1946250,1,194.625
1950000,1,195
1953750,1,195.375
1957500,1,195.75
1961250,1,196.125
1965000,1,196.5
1968750,1,196.875
1972500,1,197.25
1976250,1,197.625
1980000,1,198
1983750,1,198.375
1987500,1,198.75
1991250,1,199.125
1995000,1,199.5
1998750,1,199.875
2002500,1,200.25
2006250,1,200.625
2010000,1,201
2013750,1,201.375
2017500,1,201.75
2021250,1,202.125
2025000,1,202.5
2028750,1,202.875
2032500,1,203.25
2036250,1,203.625
2040000,1,204
2043750,1,204.375
2047500,1,204.75
2051250,1,205.125
2055000,1,205.5
2058750,1,205.875
2062500,1,206.25
2066250,1,206.625
2070000,1,207
2073750,1,207.375
2077500,1,207.75
2081250,1,208.125
2085000,1,208.5
2088750,1,208.875
2092500,1,209.25
2096250,1,209.625
2100000,1,210
2103750,1,210.375
2107500,1,210.75
2111250,1,211.125
2115000,1,211.5
2118750,1,211.875
2122500,1,212.25
2126250,1,212.625
2130000,1,213
2133750,1,213.375
2137500,1,213.75
2141250,1,214.125
2145000,1,214.5
2148750,1,214.875
2152500,1,215.25
2156250,1,215.625
2160000,1,216
2163750,1,216.375
2167500,1,216.75
2171250,1,217.125
2175000,1,217.5
2178750,1,217.875
2182500,1,218.25
2186250,1,218.625
2190000,1,219
2193750,1,219.375
2197500,1,219.75
2201250,1,220.125
2205000,1,220.5
2208750,1,220.875
2212500,1,221.25
2216250,1,221.625
2220000,1,222
2223750,1,222.375
2227500,1,222.75
2231250,1,223.125
2235000,1,223.5
2238750,1,223.875
2242500,1,224.25
2246250,1,224.625
2250000,1,225
2253750,1,225.375
2257500,1,225.75
2261250,1,226.125
2265000,1,226.5
2268750,1,226.875
2272500,1,227.25
2276250,1,227.625
2280000,1,228
2283750,1,228.375
2287500,1,228.75
2291250,1,229.125
2295000,1,229.5
2298750,1,229.875
2302500,1,230.25
2306250,1,230.625
2310000,1,231
2313750,1,231.375
2317500,1,231.75
2321250,1,232.125
2325000,1,232.5
2328750,1,232.875
2332500,1,233.25
2336250,1,233.625
2340000,1,234
2343750,1,234.375
2347500,1,234.75
2351250,1,235.125
2355000,1,235.5
2358750,1,235.875
2362500,1,236.25
2366250,1,236.625
2370000,1,237
2373750,1,237.375
2377500,1,237.75
2381250,1,238.125
2385000,1,238.5
2388750,1,238.875
2392500,1,239.25
2396250,1,239.625
2400000,1,240
2403750,1,240.375
2407500,1,240.75
2411250,1,241.125
2415000,1,241.5
2418750,1,241.875
2422500,1,242.25
2426250,1,242.625
2430000,1,243
2433750,1,243.375
2437500,1,243.75
2441250,1,244.125
2445000,1,244.5
2448750,1,244.875
2452500,1,245.25
2456250,1,245.625
2460000,1,246
2463750,1,246.375
2467500,1,246.75
2471250,1,247.125
2475000,1,247.5
2478750,1,247.875
2482500,1,248.25
2486250,1,248.625
2490000,1,249
2493750,1,249.375
2497500,1,249.75
2501250,1,250.125
2505000,1,250.5
2508750,1,250.875
2512500,1,251.25
2516250,1,251.625
2520000,1,252
2523750,1,252.375
2527500,1,252.75
2531250,1,253.125
2535000,1,253.5
2538750,1,253.875
2542500,1,254.25
2546250,1,254.625
2550000,1,255
2553750,1,255.375
2557500,1,255.75
2561250,1,256.125
2565000,1,256.5
2568750,1,256.875
2572500,1,257.25
2576250,1,257.625
2580000,1,258
2583750,1,258.375
2587500,1,258.75
2591250,1,259.125
2595000,1,259.5
2598750,1,259.875
2602500,1,260.25
2606250,1,260.625
2610000,1,261
2613750,1,261.375
2617500,1,261.75
2621250,1,262.125
2625000,1,262.5
2628750,1,262.875
2632500,1,263.25
2636250,1,263.625
2640000,1,264
2643750,1,264.375
2647500,1,264.75
2651250,1,265.125
2655000,1,265.5
2658750,1,265.875
2662500,1,266.25
2666250,1,266.625
2670000,1,267
2673750,1,267.375
2677500,1,267.75
2681250,1,268.125
2685000,1,268.5
2688750,1,268.875
2692500,1,269.25
2696250,1,269.625
2700000,1,270
2703750,1,270.375
2707500,1,270.75
2711250,1,271.125
2715000,1,271.5
2718750,1,271.875
2722500,1,272.25
2726250,1,272.625
2730000,1,273
2733750,1,273.375
2737500,1,273.75
2741250,1,274.125
2745000,1,274.5
2748750,1,274.875
2752500,1,275.25
2756250,1,275.625
2760000,1,276
2763750,1,276.375
2767500,1,276.75
2771250,1,277.125
2775000,1,277.5
2778750,1,277.875
2782500,1,278.25
2786250,1,278.625
2790000,1,279
2793750,1,279.375
2797500,1,279.75
2801250,1,280.125
2805000,1,280.5
2808750,1,280.875
2812500,1,281.25
2816250,1,281.625
2820000,1,282
2823750,1,282.375
2827500,1,282.75
2831250,1,283.125
2835000,1,283.5
2838750,1,283.875
2842500,1,284.25
2846250,1,284.625
2850000,1,285
2853750,1,285.375
2857500,1,285.75
2861250,1,286.125
2865000,1,286.5
2868750,1,286.875
2872500,1,287.25
2876250,1,287.625
2880000,1,288
2883750,1,288.375
2887500,1,288.75
2891250,1,289.125
2895000,1,289.5
2898750,1,289.875
2902500,1,290.25
2906250,1,290.625
2910000,1,291
2913750,1,291.375
2917500,1,291.75
2921250,1,292.125
2925000,1,292.5
2928750,1,292.875
2932500,1,293.25
2936250,1,293.625
2940000,1,294
2943750,1,294.375
2947500,1,294.75
2951250,1,295.125
2955000,1,295.5
2958750,1,295.875
2962500,1,296.25
2966250,1,296.625
2970000,1,297
2973750,1,297.375
2977500,1,297.75
2981250,1,298.125
2985000,1,298.5
2988750,1,298.875
2992500,1,299.25
2996250,1,299.625
3000000,1,300
3003750,1,300.375
3007500,1,300.75
3011250,1,301.125
3015000,1,301.5
3018750,1,301.875
3022500,1,302.25
3026250,1,302.625
3030000,1,303
3033750,1,303.375
3037500,1,303.75
3041250,1,304.125
3045000,1,304.5
3048750,1,304.875
3052500,1,305.25
3056250,1,305.625
3060000,1,306
3063750,1,306.375
3067500,1,306.75
3071250,1,307.125
3075000,1,307.5
3078750,1,307.875
3082500,1,308.25
3086250,1,308.625
3090000,1,309
3093750,1,309.375
3097500,1,309.75
3101250,1,310.125
3105000,1,310.5
3108750,1,310.875
3112500,1,311.25
3116250,1,311.625
3120000,1,312
3123750,1,312.375
3127500,1,312.75
3131250,1,313.125
3135000,1,313.5
3138750,1,313.875
3142500,1,314.25
3146250,1,314.625
3150000,1,315
3153750,1,315.375
3157500,1,315.75
3161250,1,316.125
3165000,1,316.5
3168750,1,316.875
3172500,1,317.25
3176250,1,317.625
3180000,1,318
3183750,1,318.375
3187500,1,318.75
3191250,1,319.125
3195000,1,319.5
3198750,1,319.875
3202500,1,320.25
3206250,1,320.625
3210000,1,321
3213750,1,321.375
3217500,1,321.75
3221250,1,322.125
3225000,1,322.5
3228750,1,322.875
3232500,1,323.25
3236250,1,323.625
3240000,1,324
3243750,1,324.375
3247500,1,324.75
3251250,1,325.125
3255000,1,325.5
3258750,1,325.875
3262500,1,326.25
3266250,1,326.625
3270000,1,327
3273750,1,327.375
3277500,1,327.75
3281250,1,328.125
3285000,1,328.5
3288750,1,328.875
3292500,1,329.25
3296250,1,329.625
3300000,1,330
3303750,1,330.375
3307500,1,330.75
3311250,1,331.125
3315000,1,331.5
3318750,1,331.875
3322500,1,332.25
3326250,1,332.625
3330000,1,333
3333750,1,333.375
3337500,1,333.75
3341250,1,334.125
3345000,1,334.5
3348750,1,334.875
3352500,1,335.25
3356250,1,335.625
3360000,1,336
3363750,1,336.375
3367500,1,336.75
3371250,1,337.125
3375000,1,337.5
3378750,1,337.875
3382500,1,338.25
3386250,1,338.625
3390000,1,339
3393750,1,339.375
3397500,1,339.75
3401250,1,340.125
3405000,1,340.5
3408750,1,340.875
3412500,1,341.25
3416250,1,341.625
3420000,1,342
3423750,1,342.375
3427500,1,342.75
3431250,1,343.125
3435000,1,343.5
3438750,1,343.875
3442500,1,344.25
3446250,1,344.625
3450000,1,345
3453750,1,345.375
3457500,1,345.75
3461250,1,346.125
3465000,1,346.5
3468750,1,346.875
3472500,1,347.25
3476250,1,347.625
3480000,1,348
3483750,1,348.375
3487500,1,348.75
3491250,1,349.125
3495000,1,349.5
3498750,1,349.875
3502500,1,350.25
3506250,1,350.625
3510000,1,351
3513750,1,351.375
3517500,1,351.75
3521250,1,352.125
3525000,1,352.5
3528750,1,352.875
3532500,1,353.25
3536250,1,353.625
3540000,1,354
3543750,1,354.375
3547500,1,354.75
3551250,1,355.125
3555000,1,355.5
3558750,1,355.875
3562500,1,356.25
3566250,1,356.625
3570000,1,357
3573750,1,357.375
3577500,1,357.75
3581250,1,358.125
3585000,1,358.5
3588750,1,358.875
3592500,1,359.25
3596250,1,359.625
3600000,1,360
3603750,1,360.375
3607500,1,360.75
3611250,1,361.125
3615000,1,361.5
3618750,1,361.875
3622500,1,362.25
3626250,1,362.625
3630000,1,363
3633750,1,363.375
3637500,1,363.75
3641250,1,364.125
3645000,1,364.5
3648750,1,364.875
3652500,1,365.25
3656250,1,365.625
3660000,1,366
3663750,1,366.375
3667500,1,366.75
3671250,1,367.125
3675000,1,367.5
3678750,1,367.875
3682500,1,368.25
3686250,1,368.625
3690000,1,369
3693750,1,369.375
3697500,1,369.75
3701250,1,370.125
3705000,1,370.5
3708750,1,370.875
3712500,1,371.25
3716250,1,371.625
3720000,1,372
3723750,1,372.375
3727500,1,372.75
3731250,1,373.125
3735000,1,373.5
3738750,1,373.875
3742500,1,374.25
3746250,1,374.625
3750000,1,375
3753750,1,375.375
3757500,1,375.75
3761250,1,376.125
3765000,1,376.5
3768750,1,376.875
3772500,1,377.25
3776250,1,377.625
3780000,1,378
3783750,1,378.375
3787500,1,378.75
3791250,1,379.125
3795000,1,379.5
3798750,1,379.875
3802500,1,380.25
3806250,1,380.625
3810000,1,381
3813750,1,381.375
3817500,1,381.75
3821250,1,382.125
3825000,1,382.5
3828750,1,382.875
3832500,1,383.25
3836250,1,383.625
3840000,1,384
3843750,1,384.375
3847500,1,384.75
3851250,1,385.125
3855000,1,385.5
3858750,1,385.875
3862500,1,386.25
3866250,1,386.625
3870000,1,387
3873750,1,387.375
3877500,1,387.75
3881250,1,388.125
3885000,1,388.5
3888750,1,388.875
3892500,1,389.25
3896250,1,389.625
3900000,1,390
3903750,1,390.375
3907500,1,390.75
3911250,1,391.125
3915000,1,391.5
3918750,1,391.875
3922500,1,392.25
3926250,1,392.625
3930000,1,393
3933750,1,393.375
3937500,1,393.75
3941250,1,394.125
3945000,1,394.5
3948750,1,394.875
3952500,1,395.25
3956250,1,395.625
3960000,1,396
3963750,1,396.375
3967500,1,396.75
3971250,1,397.125
3975000,1,397.5
3978750,1,397.875
3982500,1,398.25
3986250,1,398.625
3990000,1,399
3993750,1,399.375
3997500,1,399.75
4001250,1,400.125
4005000,1,400.5
4008750,1,400.875
4012500,1,401.25
4016250,1,401.625
4020000,1,402
4023750,1,402.375
4027500,1,402.75
4031250,1,403.125
4035000,1,403.5
4038750,1,403.875
4042500,1,404.25
4046250,1,404.625
4050000,1,405
4053750,1,405.375
4057500,1,405.75
4061250,1,406.125
4065000,1,406.5
4068750,1,406.875
4072500,1,407.25
4076250,1,407.625
4080000,1,408
4083750,1,408.375
4087500,1,408.75
4091250,1,409.125
4095000,1,409.5
4098750,1,409.875
4102500,1,410.25
4106250,1,410.625
4110000,1,411
4113750,1,411.375
4117500,1,411.75
4121250,1,412.125
4125000,1,412.5
4128750,1,412.875
4132500,1,413.25
4136250,1,413.625
4140000,1,414
4143750,1,414.375
4147500,1,414.75
4151250,1,415.125
4155000,1,415.5
4158750,1,415.875
4162500,1,416.25
4166250,1,416.625
4170000,1,417
4173750,1,417.375
4177500,1,417.75
4181250,1,418.125
4185000,1,418.5
4188750,1,418.875
4192500,1,419.25
4196250,1,419.625
4200000,1,420
4203750,1,420.375
4207500,1,420.75
4211250,1,421.125
4215000,1,421.5
4218750,1,421.875
4222500,1,422.25
4226250,1,422.625
4230000,1,423
4233750,1,423.375
4237500,1,423.75
4241250,1,424.125
4245000,1,424.5
4248750,1,424.875
4252500,1,425.25
4256250,1,425.625
4260000,1,426
4263750,1,426.375
4267500,1,426.75
4271250,1,427.125
4275000,1,427.5
4278750,1,427.875
4282500,1,428.25
4286250,1,428.625
4290000,1,429
4293750,1,429.375
4297500,1,429.75
4301250,1,430.125
4305000,1,430.5
4308750,1,430.875
4312500,1,431.25
4316250,1,431.625
4320000,1,432
4323750,1,432.375
4327500,1,432.75
4331250,1,433.125
4335000,1,433.5
4338750,1,433.875
4342500,1,434.25
4346250,1,434.625
4350000,1,435
4353750,1,435.375
4357500,1,435.75
4361250,1,436.125
4365000,1,436.5
4368750,1,436.875
4372500,1,437.25
4376250,1,437.625
4380000,1,438
4383750,1,438.375
4387500,1,438.75
4391250,1,439.125
4395000,1,439.5
4398750,1,439.875
4402500,1,440.25
4406250,1,440.625
4410000,1,441
4413750,1,441.375
4417500,1,441.75
4421250,1,442.125
4425000,1,442.5
4428750,1,442.875
4432500,1,443.25
4436250,1,443.625
4440000,1,444
4443750,1,444.375
4447500,1,444.75
4451250,1,445.125
4455000,1,445.5
4458750,1,445.875
4462500,1,446.25
4466250,1,446.625
4470000,1,447
4473750,1,447.375
4477500,1,447.75
4481250,1,448.125
4485000,1,448.5
4488750,1,448.875
4492500,1,449.25
4496250,1,449.625
4500000,1,450
4503750,1,450.375
4507500,1,450.75
4511250,1,451.125
4515000,1,451.5
4518750,1,451.875
4522500,1,452.25
4526250,1,452.625
4530000,1,453
4533750,1,453.375
4537500,1,453.75
4541250,1,454.125
4545000,1,454.5
4548750,1,454.875
4552500,1,455.25
4556250,1,455.625
4560000,1,456
4563750,1,456.375
4567500,1,456.75
4571250,1,457.125
4575000,1,457.5
4578750,1,457.875
4582500,1,458.25
4586250,1,458.625
4590000,1,459
4593750,1,459.375
4597500,1,459.75
4601250,1,460.125
4605000,1,460.5
4608750,1,460.875
4612500,1,461.25
4616250,1,461.625
4620000,1,462
4623750,1,462.375
4627500,1,462.75
4631250,1,463.125
4635000,1,463.5
4638750,1,463.875
4642500,1,464.25
4646250,1,464.625
4650000,1,465
4653750,1,465.375
4657500,1,465.75
4661250,1,466.125
4665000,1,466.5
4668750,1,466.875
4672500,1,467.25
4676250,1,467.625
4680000,1,468
4683750,1,468.375
4687500,1,468.75
4691250,1,469.125
4695000,1,469.5
4698750,1,469.875
4702500,1,470.25
4706250,1,470.625
4710000,1,471
4713750,1,471.375
4717500,1,471.75
4721250,1,472.125
4725000,1,472.5
4728750,1,472.875
4732500,1,473.25
4736250,1,473.625
4740000,1,474
4743750,1,474.375
4747500,1,474.75
4751250,1,475.125
4755000,1,475.5
4758750,1,475.875
4762500,1,476.25
4766250,1,476.625
4770000,1,477
4773750,1,477.375
4777500,1,477.75
4781250,1,478.125
4785000,1,478.5
4788750,1,478.875
4792500,1,479.25
4796250,1,479.625
4800000,1,480
4803750,1,480.375
4807500,1,480.75
4811250,1,481.125
4815000,1,481.5
4818750,1,481.875
4822500,1,482.25
4826250,1,482.625
4830000,1,483
4833750,1,483.375
4837500,1,483.75
4841250,1,484.125
4845000,1,484.5
4848750,1,484.875
4852500,1,485.25
4856250,1,485.625
4860000,1,486
4863750,1,486.375
4867500,1,486.75
4871250,1,487.125
4875000,1,487.5
4878750,1,487.875
4882500,1,488.25
4886250,1,488.625
4890000,1,489
4893750,1,489.375
4897500,1,489.75
4901250,1,490.125
4905000,1,490.5
4908750,1,490.875
4912500,1,491.25
4916250,1,491.625
4920000,1,492
4923750,1,492.375
4927500,1,492.75
4931250,1,493.125
4935000,1,493.5
4938750,1,493.875
4942500,1,494.25
4946250,1,494.625
4950000,1,495
4953750,1,495.375
4957500,1,495.75
4961250,1,496.125
4965000,1,496.5
4968750,1,496.875
4972500,1,497.25
4976250,1,497.625
4980000,1,498
4983750,1,498.375
4987500,1,498.75
4991250,1,499.125
4995000,1,499.5
4998750,1,499.875
5002500,1,500.25
5006250,1,500.625
5010000,1,501
5013750,1,501.375
5017500,1,501.75
5021250,1,502.125
5025000,1,502.5
5028750,1,502.875
5032500,1,503.25
5036250,1,503.625
5040000,1,504
5043750,1,504.375
5047500,1,504.75
5051250,1,505.125
5055000,1,505.5
5058750,1,505.875
5062500,1,506.25
5066250,1,506.625
5070000,1,507
5073750,1,507.375
5077500,1,507.75
5081250,1,508.125
5085000,1,508.5
5088750,1,508.875
5092500,1,509.25
5096250,1,509.625
5100000,1,510
5103750,1,510.375
5107500,1,510.75
5111250,1,511.125
5115000,1,511.5
5118750,1,511.875
5122500,1,512.25
5126250,1,512.625
5130000,1,513
5133750,1,513.375
5137500,1,513.75
5141250,1,514.125
5145000,1,514.5
5148750,1,514.875
5152500,1,515.25
5156250,1,515.625
5160000,1,516
5163750,1,516.375
5167500,1,516.75
5171250,1,517.125
5175000,1,517.5
5178750,1,517.875
5182500,1,518.25
5186250,1,518.625
5190000,1,519
5193750,1,519.375
5197500,1,519.75
5201250,1,520.125
5205000,1,520.5
5208750,1,520.875
5212500,1,521.25
5216250,1,521.625
5220000,1,522
5223750,1,522.375
5227500,1,522.75
5231250,1,523.125
5235000,1,523.5
5238750,1,523.875
5242500,1,524.25
5246250,1,524.625
5250000,1,525
5253750,1,525.375
5257500,1,525.75
5261250,1,526.125
5265000,1,526.5
5268750,1,526.875
5272500,1,527.25
5276250,1,527.625
5280000,1,528
5283750,1,528.375
5287500,1,528.75
5291250,1,529.125
5295000,1,529.5
5298750,1,529.875
5302500,1,530.25
5306250,1,530.625
5310000,1,531
5313750,1,531.375
5317500,1,531.75
5321250,1,532.125
5325000,1,532.5
5328750,1,532.875
5332500,1,533.25
5336250,1,533.625
5340000,1,534
5343750,1,534.375
5347500,1,534.75
5351250,1,535.125
5355000,1,535.5
5358750,1,535.875
5362500,1,536.25
5366250,1,536.625
5370000,1,537
5373750,1,537.375
5377500,1,537.75
5381250,1,538.125
5385000,1,538.5
5388750,1,538.875
5392500,1,539.25
5396250,1,539.625
5400000,1,540
5403750,1,540.375
5407500,1,540.75
5411250,1,541.125
5415000,1,541.5
5418750,1,541.875
5422500,1,542.25
5426250,1,542.625
5430000,1,543
5433750,1,543.375
5437500,1,543.75
5441250,1,544.125
5445000,1,544.5
5448750,1,544.875
5452500,1,545.25
5456250,1,545.625
5460000,1,546
5463750,1,546.375
5467500,1,546.75
5471250,1,547.125
5475000,1,547.5
5478750,1,547.875
5482500,1,548.25
5486250,1,548.625
5490000,1,549
5493750,1,549.375
5497500,1,549.75
5501250,1,550.125
5505000,1,550.5
5508750,1,550.875
5512500,1,551.25
5516250,1,551.625
5520000,1,552
5523750,1,552.375
5527500,1,552.75
5531250,1,553.125
5535000,1,553.5
5538750,1,553.875
5542500,1,554.25
5546250,1,554.625
5550000,1,555
5553750,1,555.375
5557500,1,555.75
5561250,1,556.125
5565000,1,556.5
5568750,1,556.875
5572500,1,557.25
5576250,1,557.625
5580000,1,558
5583750,1,558.375
5587500,1,558.75
5591250,1,559.125
5595000,1,559.5
5598750,1,559.875
5602500,1,560.25
5606250,1,560.625
5610000,1,561
5613750,1,561.375
5617500,1,561.75
5621250,1,562.125
5625000,1,562.5
5628750,1,562.875
5632500,1,563.25
5636250,1,563.625
5640000,1,564
5643750,1,564.375
5647500,1,564.75
5651250,1,565.125
5655000,1,565.5
5658750,1,565.875
5662500,1,566.25
5666250,1,566.625
5670000,1,567
5673750,1,567.375
5677500,1,567.75
5681250,1,568.125
5685000,1,568.5
5688750,1,568.875
5692500,1,569.25
5696250,1,569.625
5700000,1,570
5703750,1,570.375
5707500,1,570.75
5711250,1,571.125
5715000,1,571.5
5718750,1,571.875
5722500,1,572.25
5726250,1,572.625
5730000,1,573
5733750,1,573.375
5737500,1,573.75
5741250,1,574.125
5745000,1,574.5
5748750,1,574.875
5752500,1,575.25
5756250,1,575.625
5760000,1,576
5763750,1,576.375
5767500,1,576.75
5771250,1,577.125
5775000,1,577.5
5778750,1,577.875
5782500,1,578.25
5786250,1,578.625
5790000,1,579
5793750,1,579.375
5797500,1,579.75
5801250,1,580.125
5805000,1,580.5
5808750,1,580.875
5812500,1,581.25
5816250,1,581.625
5820000,1,582
5823750,1,582.375
5827500,1,582.75
5831250,1,583.125
5835000,1,583.5
5838750,1,583.875
5842500,1,584.25
5846250,1,584.625
5850000,1,585
5853750,1,585.375
5857500,1,585.75
5861250,1,586.125
5865000,1,586.5
5868750,1,586.875
5872500,1,587.25
5876250,1,587.625
5880000,1,588
5883750,1,588.375
5887500,1,588.75
5891250,1,589.125
5895000,1,589.5
5898750,1,589.875
5902500,1,590.25
5906250,1,590.625
5910000,1,591
5913750,1,591.375
5917500,1,591.75
5921250,1,592.125
5925000,1,592.5
5928750,1,592.875
5932500,1,593.25
5936250,1,593.625
5940000,1,594
5943750,1,594.375
5947500,1,594.75
5951250,1,595.125
5955000,1,595.5
5958750,1,595.875
5962500,1,596.25
5966250,1,596.625
5970000,1,597
5973750,1,597.375
5977500,1,597.75
5981250,1,598.125
5985000,1,598.5
5988750,1,598.875
5992500,1,599.25
5996250,1,599.625
6000000,1,600
6003750,1,600.375
6007500,1,600.75
6011250,1,601.125
6015000,1,601.5
6018750,1,601.875
6022500,1,602.25
6026250,1,602.625
6030000,1,603
6033750,1,603.375
6037500,1,603.75
6041250,1,604.125
6045000,1,604.5
6048750,1,604.875
6052500,1,605.25
6056250,1,605.625
6060000,1,606
6063750,1,606.375
6067500,1,606.75
6071250,1,607.125
6075000,1,607.5
6078750,1,607.875
6082500,1,608.25
6086250,1,608.625
6090000,1,609
6093750,1,609.375
6097500,1,609.75
6101250,1,610.125
6105000,1,610.5
6108750,1,610.875
6112500,1,611.25
6116250,1,611.625
6120000,1,612
6123750,1,612.375
6127500,1,612.75
6131250,1,613.125
6135000,1,613.5
6138750,1,613.875
6142500,1,614.25
6146250,1,614.625
6150000,1,615
6153750,1,615.375
6157500,1,615.75
6161250,1,616.125
6165000,1,616.5
6168750,1,616.875
6172500,1,617.25
6176250,1,617.625
6180000,1,618
6183750,1,618.375
6187500,1,618.75
6191250,1,619.125
6195000,1,619.5
6198750,1,619.875
6202500,1,620.25
6206250,1,620.625
6210000,1,621
6213750,1,621.375
6217500,1,621.75
6221250,1,622.125
6225000,1,622.5
6228750,1,622.875
6232500,1,623.25
6236250,1,623.625
6240000,1,624
6243750,1,624.375
6247500,1,624.75
6251250,1,625.125
6255000,1,625.5
6258750,1,625.875
6262500,1,626.25
6266250,1,626.625
6270000,1,627
6273750,1,627.375
6277500,1,627.75
6281250,1,628.125
6285000,1,628.5
6288750,1,628.875
6292500,1,629.25
6296250,1,629.625
6300000,1,630
6303750,1,630.375
6307500,1,630.75
6311250,1,631.125
6315000,1,631.5
6318750,1,631.875
6322500,1,632.25
6326250,1,632.625
6330000,1,633
6333750,1,633.375
6337500,1,633.75
6341250,1,634.125
6345000,1,634.5
6348750,1,634.875
6352500,1,635.25
6356250,1,635.625
6360000,1,636
6363750,1,636.375
6367500,1,636.75
6371250,1,637.125
6375000,1,637.5
6378750,1,637.875
6382500,1,638.25
6386250,1,638.625
6390000,1,639
6393750,1,639.375
6397500,1,639.75
6401250,1,640.125
6405000,1,640.5
6408750,1,640.875
6412500,1,641.25
6416250,1,641.625
6420000,1,642
6423750,1,642.375
6427500,1,642.75
6431250,1,643.125
6435000,1,643.5
6438750,1,643.875
6442500,1,644.25
6446250,1,644.625
6450000,1,645
6453750,1,645.375
6457500,1,645.75
6461250,1,646.125
6465000,1,646.5
6468750,1,646.875
6472500,1,647.25
6476250,1,647.625
6480000,1,648
6483750,1,648.375
6487500,1,648.75
6491250,1,649.125
6495000,1,649.5
6498750,1,649.875
6502500,1,650.25
6506250,1,650.625
6510000,1,651
6513750,1,651.375
6517500,1,651.75
6521250,1,652.125
6525000,1,652.5
6528750,1,652.875
6532500,1,653.25
6536250,1,653.625
6540000,1,654
6543750,1,654.375
6547500,1,654.75
6551250,1,655.125
6555000,1,655.5
6558750,1,655.875
6562500,1,656.25
6566250,1,656.625
6570000,1,657
6573750,1,657.375
6577500,1,657.75
6581250,1,658.125
6585000,1,658.5
6588750,1,658.875
6592500,1,659.25
6596250,1,659.625
6600000,1,660
6603750,1,660.375
6607500,1,660.75
6611250,1,661.125
6615000,1,661.5
6618750,1,661.875
6622500,1,662.25
6626250,1,662.625
6630000,1,663
6633750,1,663.375
6637500,1,663.75
6641250,1,664.125
6645000,1,664.5
6648750,1,664.875
6652500,1,665.25
6656250,1,665.625
6660000,1,666
6663750,1,666.375
6667500,1,666.75
6671250,1,667.125
6675000,1,667.5
6678750,1,667.875
6682500,1,668.25
6686250,1,668.625
6690000,1,669
6693750,1,669.375
6697500,1,669.75
6701250,1,670.125
6705000,1,670.5
6708750,1,670.875
6712500,1,671.25
6716250,1,671.625
6720000,1,672
6723750,1,672.375
6727500,1,672.75
6731250,1,673.125
6735000,1,673.5
6738750,1,673.875
6742500,1,674.25
6746250,1,674.625
6750000,1,675
0,1,0
